연도,월,구분,사업부,매출액_천원,매출원가_천원,인건비_천원,물류비_천원,지급수수료_천원,교육훈련비_천원,기타판관비_천원
2025,01,전년실적,시약,33345,18340,5382,1053,819,234,2164
2025,01,전년실적,장비,25935,14264,4186,819,637,182,1684
2025,01,전년실적,소모품,14820,8151,2392,468,364,104,962
2025,02,전년실적,시약,35910,19750,5796,1134,882,252,2331
2025,02,전년실적,장비,27930,15361,4508,882,686,196,1813
2025,02,전년실적,소모품,15960,8779,2576,504,392,112,1036
2025,03,전년실적,시약,41040,22572,6624,1296,1008,288,2664
2025,03,전년실적,장비,31920,17556,5152,1008,784,224,2072
2025,03,전년실적,소모품,18240,10032,2944,576,448,128,1184
2025,04,전년실적,시약,46170,25394,7452,1458,1134,324,2997
2025,04,전년실적,장비,35910,19750,5796,1134,882,252,2331
2025,04,전년실적,소모품,20520,11286,3312,648,504,144,1332
2025,05,전년실적,시약,48735,26804,7866,1539,1197,342,3164
2025,05,전년실적,장비,37905,20848,6118,1197,931,266,2460
2025,05,전년실적,소모품,21660,11913,3496,684,532,152,1406
2025,06,전년실적,시약,51300,28215,8280,1620,1260,360,3330
2025,06,전년실적,장비,39900,21945,6440,1260,980,280,2590
2025,06,전년실적,소모품,22800,12540,3680,720,560,160,1480
2026,01,예산,시약,37800,20790,5985,1260,945,315,2236
2026,01,예산,장비,29400,16170,4655,980,735,245,1740
2026,01,예산,소모품,16800,9240,2660,560,420,140,994
2026,02,예산,시약,40500,22275,6412,1350,1012,338,2396
2026,02,예산,장비,31500,17325,4988,1050,788,262,1864
2026,02,예산,소모품,18000,9900,2850,600,450,150,1065
2026,03,예산,시약,43200,23760,6840,1440,1080,360,2556
2026,03,예산,장비,33600,18480,5320,1120,840,280,1988
2026,03,예산,소모품,19200,10560,3040,640,480,160,1136
2026,04,예산,시약,45900,25245,7268,1530,1148,382,2716
2026,04,예산,장비,35700,19635,5652,1190,892,298,2112
2026,04,예산,소모품,20400,11220,3230,680,510,170,1207
2026,05,예산,시약,48600,26730,7695,1620,1215,405,2876
2026,05,예산,장비,37800,20790,5985,1260,945,315,2236
2026,05,예산,소모품,21600,11880,3420,720,540,180,1278
2026,06,예산,시약,54000,29700,8550,1800,1350,450,3195
2026,06,예산,장비,42000,23100,6650,1400,1050,350,2485
2026,06,예산,소모품,24000,13200,3800,800,600,200,1420
2026,01,실적,시약,32292,18406,5674,1580,1170,380,2367
2026,01,실적,장비,25116,14316,4414,1228,910,296,1841
2026,01,실적,소모품,14352,8181,2522,702,520,169,1052
2026,02,실적,시약,34776,19822,6111,1701,1260,410,2549
2026,02,실적,장비,27048,15417,4753,1323,980,318,1982
2026,02,실적,소모품,15456,8811,2716,756,560,182,1133
2026,03,실적,시약,39744,22654,6984,1944,1440,468,2913
2026,03,실적,장비,30912,17620,5432,1512,1120,364,2266
2026,03,실적,소모품,17664,10068,3104,864,640,208,1295
2026,04,실적,시약,44712,25486,7857,2187,1620,526,3277
2026,04,실적,장비,34776,19822,6111,1701,1260,410,2549
2026,04,실적,소모품,19872,11327,3492,972,720,234,1457
2026,05,실적,시약,44712,25486,7857,2187,1620,526,3277
2026,05,실적,장비,34776,19822,6111,1701,1260,410,2549
2026,05,실적,소모품,19872,11327,3492,972,720,234,1457
2026,06,실적,시약,52164,29734,9166,2552,1890,614,3823
2026,06,실적,장비,40572,23126,7130,1984,1470,478,2974
2026,06,실적,소모품,23184,13215,4074,1134,840,273,1699
