일자,사용내역_가상,금액_원,증빙종류,검토메모
2026-05-02,카페 결제 / 재무팀 주간회의 다과,18500,법인카드,회의 목적·참석자 확인
2026-05-04,세법 해설서 구입,45000,법인카드,업무 관련성 확인
2026-05-05,업무 교육 등록비,220000,세금계산서,교육 승인 여부 확인
2026-05-07,택배 / 문서 발송,12000,법인카드,발송 목적 확인
2026-05-09,내부 회의용 문구,36000,법인카드,물품 내역 확인
2026-05-11,교육장 대여,180000,세금계산서,계약·승인 확인
2026-05-13,복합기 토너 구입,74000,법인카드,자산·소모품 기준 확인
2026-05-15,부서 워크숍 식사,129000,법인카드,참석자·비용 정책 확인
2026-05-18,우편 요금,8300,현금영수증,증빙 보관 확인
2026-05-20,회계 교육 수강료,150000,세금계산서,교육 승인 여부 확인
2026-05-22,사무실 생수 구입,27000,법인카드,사용처 확인
2026-05-25,자료 인쇄 제본,58000,법인카드,인쇄 목적 확인
