연도,월,부서,계획인원_명,실제인원_명,인건비예산_천원,인건비실적_천원
2026,01,재무,8,8,42000,41580
2026,01,경영기획,6,6,36000,35640
2026,01,인사,5,5,28000,27720
2026,02,재무,8,8,42000,41790
2026,02,경영기획,6,6,36000,35820
2026,02,인사,5,5,28000,27860
2026,03,재무,8,8,42000,42000
2026,03,경영기획,6,6,36000,36000
2026,03,인사,5,5,28000,28000
2026,04,재무,8,8,42000,42210
2026,04,경영기획,6,7,36000,42210
2026,04,인사,5,5,28000,28140
2026,05,재무,8,8,42000,42420
2026,05,경영기획,6,7,36000,42420
2026,05,인사,5,4,28000,22624
2026,06,재무,8,8,42000,42630
2026,06,경영기획,6,7,36000,42630
2026,06,인사,5,4,28000,22736
